Date,Open,High,Low,Close,Volume
2020-11-06 00:00:00,51.6,53.129,11.2,52.509,129.34
2020-11-06 12:00:00,52.458,53.5,50.668,53.258,836.477
2020-11-07 00:00:00,53.291,54.24,52.832,53.667,638.945
2020-11-07 12:00:00,53.812,53.812,47.922,49.378,2066.324
2020-11-08 00:00:00,49.301,50.664,49.264,50.458,282.159
2020-11-08 12:00:00,50.585,52.251,50.299,51.203,635.405
2020-11-09 00:00:00,51.353,51.983,49.839,51.983,319.667
2020-11-09 12:00:00,51.721,51.721,48.882,49.961,1032.992
2020-11-10 00:00:00,49.736,50.332,49.0,49.941,307.605
2020-11-10 12:00:00,49.863,49.912,48.5,49.069,357.217
2020-11-11 00:00:00,49.289,51.381,49.289,50.611,1029.326
2020-11-11 12:00:00,50.827,51.613,50.236,50.601,1807.241
2020-11-12 00:00:00,50.387,51.378,49.192,50.023,1208.513
2020-11-12 12:00:00,49.85,51.653,49.427,51.653,2283.179
2020-11-13 00:00:00,51.666,54.756,51.238,53.984,1353.168
2020-11-13 12:00:00,53.898,56.499,53.898,55.508,1800.618
2020-11-14 00:00:00,55.276,55.311,52.784,53.538,644.436
2020-11-14 12:00:00,53.429,54.212,52.367,54.212,649.458
2020-11-15 00:00:00,54.375,54.61,52.836,52.836,224.798
2020-11-15 12:00:00,52.628,53.576,52.0,52.861,424.149
2020-11-16 00:00:00,53.006,57.952,53.006,57.148,1659.716
2020-11-16 12:00:00,57.148,63.0,56.757,62.54,5466.197
2020-11-17 00:00:00,62.432,64.062,60.514,62.693,2705.324
2020-11-17 12:00:00,62.68,65.083,60.473,64.527,6590.246
2020-11-18 00:00:00,64.563,65.005,57.403,61.343,5520.174
2020-11-18 12:00:00,61.433,63.199,58.571,62.343,3277.446
2020-11-19 00:00:00,62.265,67.0,60.648,66.505,3549.99
2020-11-19 12:00:00,66.725,70.499,66.057,68.941,6464.959
2020-11-20 00:00:00,68.941,70.742,67.595,69.458,4858.987
2020-11-20 12:00:00,69.623,72.287,68.626,69.653,6002.971
2020-11-21 00:00:00,69.827,71.88,67.845,69.55,4720.043
2020-11-21 12:00:00,69.188,74.603,68.834,73.441,7059.171
2020-11-22 00:00:00,73.636,74.02,65.624,67.782,4044.878
2020-11-22 12:00:00,67.7,72.616,67.555,69.891,3573.596
2020-11-23 00:00:00,70.392,75.597,68.266,73.3,4455.948
2020-11-23 12:00:00,73.711,76.659,71.093,75.718,7260.814
2020-11-24 00:00:00,75.638,79.5,72.471,75.0,9435.829
2020-11-24 12:00:00,75.003,77.09,73.302,75.35,3510.424
2020-11-25 00:00:00,75.35,76.444,71.687,76.201,2835.781
2020-11-25 12:00:00,76.061,76.061,65.5,68.974,3826.128
2020-11-26 00:00:00,68.828,70.08,60.072,62.34,8316.177
2020-11-26 12:00:00,62.337,64.124,54.433,59.7,8953.844
2020-11-27 00:00:00,59.9,62.0,56.18,56.521,5886.092
2020-11-27 12:00:00,56.535,59.247,55.0,58.056,4149.186
2020-11-28 00:00:00,58.262,59.662,57.376,59.303,1425.794
2020-11-28 12:00:00,59.26,62.969,58.859,61.098,6164.263
2020-11-29 00:00:00,61.081,64.875,60.179,63.27,4355.06
2020-11-29 12:00:00,63.294,68.077,62.362,66.485,6007.654
2020-11-30 00:00:00,66.58,67.26,64.373,66.292,1642.304
2020-11-30 12:00:00,66.283,74.002,66.258,73.338,10244.409
2020-12-01 00:00:00,73.193,76.763,71.271,74.089,6403.336
2020-12-01 12:00:00,73.953,77.767,65.676,70.778,16142.721
2020-12-02 00:00:00,70.684,75.334,69.0,74.016,4507.971
2020-12-02 12:00:00,74.066,74.284,70.244,73.6,3760.843
2020-12-03 00:00:00,73.614,75.348,70.829,74.242,3176.434
2020-12-03 12:00:00,74.384,75.25,72.234,73.452,1860.624
2020-12-04 00:00:00,73.405,74.024,69.353,69.353,4397.996
2020-12-04 12:00:00,69.365,70.969,64.5,66.026,4855.104
2020-12-05 00:00:00,65.795,69.834,65.226,68.487,1866.951
2020-12-05 12:00:00,68.688,69.371,67.65,68.798,1328.028
2020-12-06 00:00:00,68.995,70.426,67.663,68.657,1045.172
2020-12-06 12:00:00,68.414,69.429,66.579,69.118,1429.246
2020-12-07 00:00:00,69.118,70.043,68.068,68.323,572.94
2020-12-07 12:00:00,68.471,71.923,67.788,69.153,4270.161
2020-12-08 00:00:00,69.005,70.206,66.268,66.712,3690.217
2020-12-08 12:00:00,66.661,67.27,62.603,63.719,5952.822
2020-12-09 00:00:00,63.593,64.147,59.681,63.532,4955.583
2020-12-09 12:00:00,63.569,64.863,62.427,64.302,6146.892
2020-12-10 00:00:00,64.313,64.495,61.55,62.267,1858.999
2020-12-10 12:00:00,62.12,62.696,60.458,61.692,3063.585
2020-12-11 00:00:00,61.803,61.935,57.89,58.454,7151.982
2020-12-11 12:00:00,58.447,60.909,58.319,59.761,5389.71
2020-12-12 00:00:00,59.821,62.928,59.56,62.545,3879.06
2020-12-12 12:00:00,62.684,64.25,61.56,63.466,5495.819
2020-12-13 00:00:00,63.46,67.319,62.565,66.602,5807.021
2020-12-13 12:00:00,66.677,69.522,65.598,67.839,7827.28
2020-12-14 00:00:00,67.796,68.398,65.385,65.789,6208.247
2020-12-14 12:00:00,65.8,68.285,65.152,67.908,6864.57
2020-12-15 00:00:00,67.969,69.805,66.204,67.682,9008.523
2020-12-15 12:00:00,67.65,68.702,66.831,67.114,6196.09
2020-12-16 00:00:00,67.108,68.322,64.655,67.71,7599.641
2020-12-16 12:00:00,67.773,76.706,67.076,76.478,19491.311
2020-12-17 00:00:00,76.417,84.372,73.936,82.0,21219.671
2020-12-17 12:00:00,82.167,89.623,79.072,82.533,23418.449
2020-12-18 00:00:00,82.578,92.0,81.0,88.715,11861.864
2020-12-18 12:00:00,88.916,89.807,84.155,89.423,10347.852
2020-12-19 00:00:00,89.548,89.788,86.2,88.45,3569.048
2020-12-19 12:00:00,88.366,101.587,88.366,98.021,22862.115
2020-12-20 00:00:00,98.02,100.817,93.717,96.675,19905.509
2020-12-20 12:00:00,96.626,97.542,90.001,94.098,18844.553
2020-12-21 00:00:00,94.078,97.27,84.737,86.663,21041.765
2020-12-21 12:00:00,86.711,89.5,82.434,85.596,14270.484
2020-12-22 00:00:00,85.632,87.69,80.856,87.018,19873.208
2020-12-22 12:00:00,87.05,94.123,86.941,94.014,23181.01
2020-12-23 00:00:00,93.924,96.25,82.486,86.561,22600.518
2020-12-23 12:00:00,86.421,93.89,78.0,84.233,33780.427
2020-12-24 00:00:00,84.186,86.955,81.123,85.908,22035.013
2020-12-24 12:00:00,85.782,92.432,84.353,91.511,24159.881
2020-12-25 00:00:00,91.481,101.0,88.978,100.272,19934.566
2020-12-25 12:00:00,100.291,105.49,96.039,104.8,29818.548
2020-12-26 00:00:00,104.856,108.725,102.543,106.226,17517.863
2020-12-26 12:00:00,106.028,110.78,105.0,106.005,17600.365
2020-12-27 00:00:00,106.013,112.3,102.465,105.928,10595.995
2020-12-27 12:00:00,105.851,113.75,99.421,103.998,20003.312
2020-12-28 00:00:00,103.926,112.464,102.812,111.09,8535.313
2020-12-28 12:00:00,111.115,111.616,104.594,106.3,12350.586
2020-12-29 00:00:00,106.26,106.996,100.0,105.324,10312.854
2020-12-29 12:00:00,105.319,106.659,98.3,104.967,13170.845
2020-12-30 00:00:00,104.966,108.229,100.308,102.154,12018.679
2020-12-30 12:00:00,102.197,105.704,100.938,105.704,10151.614
2020-12-31 00:00:00,105.717,105.826,100.683,103.337,6961.254
2020-12-31 12:00:00,103.216,103.917,99.771,102.159,6549.661
2021-01-01 00:00:00,102.334,109.23,100.962,104.625,7522.352
2021-01-01 12:00:00,104.625,106.559,101.501,103.692,5371.522
2021-01-02 00:00:00,103.467,104.099,100.991,102.31,3361.709
2021-01-02 12:00:00,102.385,115.405,100.06,110.327,25351.1
2021-01-03 00:00:00,110.327,123.3,107.869,120.989,20618.047
2021-01-03 12:00:00,121.013,130.482,116.002,127.805,37907.035
2021-01-04 00:00:00,127.947,135.912,113.201,124.517,28645.885
2021-01-04 12:00:00,124.5,128.455,119.585,126.504,20253.682
2021-01-05 00:00:00,126.552,129.188,119.728,126.494,12986.061
2021-01-05 12:00:00,126.488,132.6,122.587,129.046,17452.35
2021-01-06 00:00:00,129.185,135.655,126.2,134.014,15135.142
2021-01-06 12:00:00,133.992,138.57,129.451,137.044,19227.632
2021-01-07 00:00:00,137.193,139.892,132.05,136.7,11500.768
2021-01-07 12:00:00,136.7,148.0,132.5,137.624,28850.637
2021-01-08 00:00:00,137.558,142.2,122.568,140.402,15804.631
2021-01-08 12:00:00,140.402,148.619,133.876,140.213,25876.298
2021-01-09 00:00:00,140.188,142.8,133.272,139.41,8938.064
2021-01-09 12:00:00,139.459,144.76,136.0,142.213,12071.714
2021-01-10 00:00:00,142.346,148.421,136.456,138.322,10212.74
2021-01-10 12:00:00,138.487,143.785,124.509,137.585,16868.754
2021-01-11 00:00:00,137.973,138.058,101.588,116.077,28848.307
2021-01-11 12:00:00,116.067,116.456,92.7,114.428,54690.031
2021-01-12 00:00:00,114.426,121.631,107.369,115.873,26268.781
2021-01-12 12:00:00,115.862,117.474,105.018,109.44,34768.38
2021-01-13 00:00:00,109.491,115.4,103.544,113.398,24109.732
2021-01-13 12:00:00,113.586,122.328,111.51,121.242,17047.454
2021-01-14 00:00:00,121.478,124.0,118.11,121.605,17083.414
2021-01-14 12:00:00,121.631,129.105,118.241,125.358,28960.358
2021-01-15 00:00:00,125.314,127.938,120.526,122.963,11399.007
2021-01-15 12:00:00,123.357,124.41,108.0,119.13,32074.113
2021-01-16 00:00:00,119.155,124.473,115.526,123.462,13040.044
2021-01-16 12:00:00,123.498,126.13,116.498,118.984,21265.137
2021-01-17 00:00:00,118.947,121.652,113.147,118.117,13465.702
2021-01-17 12:00:00,118.258,120.3,115.226,118.075,10791.963
2021-01-18 00:00:00,118.246,119.516,114.94,117.719,8538.726
2021-01-18 12:00:00,117.736,128.592,117.584,125.805,18877.372
2021-01-19 00:00:00,125.903,137.445,124.234,135.875,16636.79
2021-01-19 12:00:00,135.944,136.19,125.474,125.882,20653.432
2021-01-20 00:00:00,125.521,128.947,115.949,118.014,19677.581
2021-01-20 12:00:00,117.966,124.118,114.827,123.733,24717.064
2021-01-21 00:00:00,123.774,124.18,108.597,110.599,20679.752
2021-01-21 12:00:00,110.414,112.888,103.454,106.642,21950.8
2021-01-22 00:00:00,106.619,116.588,100.451,114.746,18872.637
2021-01-22 12:00:00,114.792,116.847,112.397,113.36,13043.663
2021-01-23 00:00:00,113.182,118.188,111.1,112.768,10700.836
2021-01-23 12:00:00,112.823,115.215,112.452,113.295,6018.137
2021-01-24 00:00:00,113.26,117.088,112.225,116.554,6020.892
2021-01-24 12:00:00,116.708,116.737,110.2,116.048,10575.443
2021-01-25 00:00:00,116.041,121.034,115.48,117.108,8363.561
2021-01-25 12:00:00,117.158,121.0,112.962,113.234,11015.399
2021-01-26 00:00:00,113.234,115.415,109.622,111.593,7542.849
2021-01-26 12:00:00,111.474,112.082,105.756,110.886,9039.673
2021-01-27 00:00:00,110.886,111.046,102.79,102.904,6938.786
2021-01-27 12:00:00,102.918,105.441,98.191,101.379,18106.487
2021-01-28 00:00:00,101.425,109.094,100.169,107.226,7164.432
2021-01-28 12:00:00,107.223,112.219,106.565,110.218,8763.115
2021-01-29 00:00:00,110.346,118.423,108.826,116.97,18750.377
2021-01-29 12:00:00,116.97,119.835,109.935,111.197,19113.114
2021-01-30 00:00:00,111.346,112.362,105.858,107.704,10161.981
2021-01-30 12:00:00,107.706,111.907,106.848,110.122,12591.162
2021-01-31 00:00:00,110.077,111.365,107.5,108.588,6268.025
2021-01-31 12:00:00,108.521,110.44,104.088,107.015,8433.609
2021-02-01 00:00:00,106.904,113.063,104.198,111.724,10893.543
2021-02-01 12:00:00,111.455,112.782,105.495,109.478,8798.802
2021-02-02 00:00:00,109.411,118.768,109.373,115.598,17890.487
2021-02-02 12:00:00,115.597,133.075,114.967,118.016,26214.243
2021-02-03 00:00:00,118.05,128.677,118.04,125.2,14820.543
2021-02-03 12:00:00,125.288,130.298,124.204,129.809,17836.144
2021-02-04 00:00:00,129.882,131.943,119.537,122.538,12743.465
2021-02-04 12:00:00,122.509,125.56,117.98,121.595,16637.142
2021-02-05 00:00:00,121.528,131.353,120.121,128.321,9758.45
2021-02-05 12:00:00,128.347,130.626,124.7,128.959,12361.247
2021-02-06 00:00:00,129.076,136.616,124.798,133.734,16333.906
2021-02-06 12:00:00,133.811,135.5,128.37,129.483,15615.629
2021-02-07 00:00:00,129.582,130.975,124.171,126.343,10282.629
2021-02-07 12:00:00,126.382,128.672,120.826,125.572,14835.291
2021-02-08 00:00:00,125.645,128.002,123.051,127.505,5606.421
2021-02-08 12:00:00,127.507,140.97,126.769,139.089,24822.05
2021-02-09 00:00:00,139.298,144.755,136.602,139.334,16624.919
2021-02-09 12:00:00,139.3,152.74,136.25,150.403,23859.395
2021-02-10 00:00:00,150.236,161.176,147.983,157.024,27613.775
2021-02-10 12:00:00,156.887,156.887,141.0,150.262,29324.652
2021-02-11 00:00:00,150.322,156.797,145.5,153.426,10782.294
2021-02-11 12:00:00,153.486,159.45,149.594,151.752,23550.276
2021-02-12 00:00:00,151.741,155.543,146.135,154.2,16223.846
2021-02-12 12:00:00,154.177,165.32,148.72,162.725,25862.946
2021-02-13 00:00:00,162.821,173.113,157.435,162.777,26157.541
2021-02-13 12:00:00,162.787,189.537,161.063,187.158,42184.03
2021-02-14 00:00:00,187.099,190.928,177.25,184.201,24278.202
2021-02-14 12:00:00,184.143,187.336,172.712,176.755,23509.742
2021-02-15 00:00:00,176.905,178.416,154.661,172.071,28408.885
2021-02-15 12:00:00,172.301,181.93,169.619,171.687,22015.881
2021-02-16 00:00:00,172.061,180.395,166.317,176.215,18690.402
2021-02-16 12:00:00,176.175,183.0,166.197,174.141,28042.452
2021-02-17 00:00:00,174.181,187.8,168.695,186.153,31479.029
2021-02-17 12:00:00,186.144,197.815,182.856,197.624,37104.093
2021-02-18 00:00:00,197.605,198.94,185.001,187.168,22184.889
2021-02-18 12:00:00,187.175,192.22,183.838,188.342,26118.726
2021-02-19 00:00:00,188.131,194.146,182.837,192.178,22711.242
2021-02-19 12:00:00,192.127,199.858,186.908,195.566,19525.446
2021-02-20 00:00:00,195.533,203.359,190.465,199.102,16655.831
2021-02-20 12:00:00,199.01,202.0,176.435,187.63,28070.642
2021-02-21 00:00:00,187.57,192.879,182.095,188.579,17406.962
2021-02-21 12:00:00,188.661,192.089,184.61,187.572,16480.268
2021-02-22 00:00:00,187.72,187.812,169.0,171.914,21707.403
2021-02-22 12:00:00,171.914,174.781,145.652,171.692,48608.368
2021-02-23 00:00:00,171.71,172.183,129.615,139.002,77465.898
2021-02-23 12:00:00,138.89,150.35,132.66,146.325,45360.344
2021-02-24 00:00:00,146.25,157.034,139.5,153.499,35364.735
2021-02-24 12:00:00,153.442,156.24,141.881,149.556,23627.283
2021-02-25 00:00:00,149.558,160.858,143.932,159.663,20733.662
2021-02-25 12:00:00,159.756,167.847,146.348,147.907,38720.691
2021-02-26 00:00:00,147.857,150.971,134.6,141.647,47659.752
2021-02-26 12:00:00,141.807,149.782,137.685,141.546,32769.957
2021-02-27 00:00:00,141.556,150.415,140.945,145.411,23075.06
2021-02-27 12:00:00,145.434,147.808,139.387,143.153,20926.549
2021-02-28 00:00:00,143.045,144.002,128.348,136.165,35129.443
2021-02-28 12:00:00,136.252,139.097,127.391,137.015,27621.295
2021-03-01 00:00:00,137.003,142.932,135.655,142.43,16496.194
2021-03-01 12:00:00,142.223,146.687,141.052,146.327,19650.366
2021-03-02 00:00:00,146.287,153.644,142.448,150.688,22950.387
2021-03-02 12:00:00,150.841,154.173,141.554,148.715,23101.54
2021-03-03 00:00:00,148.568,162.579,146.923,159.48,26890.575
2021-03-03 12:00:00,159.518,163.0,154.759,156.275,27027.834
2021-03-04 00:00:00,156.288,161.629,151.932,154.11,19781.293
2021-03-04 12:00:00,154.025,157.28,148.16,151.335,36138.53
2021-03-05 00:00:00,151.413,151.413,141.551,146.666,24341.287
2021-03-05 12:00:00,146.74,154.025,143.793,151.336,18557.616
2021-03-06 00:00:00,151.492,155.2,149.748,152.667,10033.554
2021-03-06 12:00:00,152.585,154.551,146.923,153.557,19867.784
2021-03-07 00:00:00,153.724,159.165,153.088,157.715,10165.881
2021-03-07 12:00:00,157.667,161.213,154.5,159.88,9985.94
2021-03-08 00:00:00,159.899,163.846,151.569,155.469,13444.518
2021-03-08 12:00:00,155.515,162.358,152.689,161.936,15850.503
2021-03-09 00:00:00,161.936,171.536,159.358,167.813,18979.297
2021-03-09 12:00:00,167.695,172.466,164.846,171.462,18336.367
2021-03-10 00:00:00,171.463,174.728,161.724,166.151,19649.863
2021-03-10 12:00:00,166.183,174.957,164.77,168.281,28813.885
2021-03-11 00:00:00,168.28,169.781,160.1,165.447,17778.76
2021-03-11 12:00:00,165.438,169.762,163.934,168.066,16687.327
2021-03-12 00:00:00,168.151,180.547,165.896,175.9,26378.569
2021-03-12 12:00:00,175.9,188.0,168.79,184.473,37001.352
2021-03-13 00:00:00,184.517,188.19,178.238,187.025,17323.975
2021-03-13 12:00:00,187.178,190.049,184.518,185.695,17397.738
2021-03-14 00:00:00,185.735,187.31,178.846,183.209,10543.639
2021-03-14 12:00:00,183.162,184.0,178.613,178.613,10441.929
2021-03-15 00:00:00,178.706,185.246,168.833,172.202,17312.228
2021-03-15 12:00:00,172.331,174.543,166.171,168.843,15923.012
2021-03-16 00:00:00,168.705,172.411,161.061,167.816,14252.923
2021-03-16 12:00:00,168.0,171.78,164.482,169.44,11792.064
2021-03-17 00:00:00,169.5,174.309,164.808,165.208,10733.478
2021-03-17 12:00:00,165.144,172.237,163.636,171.773,14888.695
2021-03-18 00:00:00,172.024,173.896,169.664,170.114,8768.83
2021-03-18 12:00:00,170.133,174.559,167.601,167.966,11158.826
2021-03-19 00:00:00,167.979,172.706,164.921,171.995,7035.479
2021-03-19 12:00:00,172.141,172.586,167.983,168.423,10127.498
2021-03-20 00:00:00,168.413,172.5,167.502,172.244,5022.762
2021-03-20 12:00:00,172.3,173.0,167.987,168.327,7403.82
2021-03-21 00:00:00,168.345,169.804,162.425,163.935,7888.782
2021-03-21 12:00:00,163.988,167.403,162.33,164.764,8351.268
2021-03-22 00:00:00,164.921,165.759,160.454,165.0,9312.107
2021-03-22 12:00:00,165.0,167.239,155.555,156.229,15745.849
2021-03-23 00:00:00,156.169,159.416,153.75,155.407,8903.045
2021-03-23 12:00:00,155.416,159.633,153.096,157.216,10109.195
2021-03-24 00:00:00,157.126,166.117,154.302,164.633,11409.662
2021-03-24 12:00:00,164.652,166.777,146.282,149.552,20851.319
2021-03-25 00:00:00,149.453,151.334,145.555,147.582,13446.556
2021-03-25 12:00:00,147.654,149.69,142.351,145.874,15100.932
2021-03-26 00:00:00,145.863,153.894,145.804,152.011,8508.328
2021-03-26 12:00:00,152.066,156.353,151.202,155.872,9518.25
2021-03-27 00:00:00,155.997,156.687,153.061,153.2,5826.164
2021-03-27 12:00:00,153.136,157.656,150.911,156.097,7981.116
2021-03-28 00:00:00,156.364,158.684,154.673,155.977,3172.378
2021-03-28 12:00:00,155.815,157.692,152.56,156.446,11595.497
2021-03-29 00:00:00,156.577,166.938,154.892,165.346,11483.475
2021-03-29 12:00:00,165.628,167.206,162.813,164.312,8449.968
2021-03-30 00:00:00,164.634,170.068,161.778,170.0,13652.109
2021-03-30 12:00:00,169.986,170.267,165.17,167.076,12349.93
2021-03-31 00:00:00,167.084,170.19,160.0,162.713,11982.368
2021-03-31 12:00:00,162.719,168.344,161.849,167.587,10750.474
2021-04-01 00:00:00,167.583,171.043,165.6,167.197,8391.243
2021-04-01 12:00:00,166.988,174.284,166.148,172.295,16855.939
2021-04-02 00:00:00,172.414,176.715,170.786,174.955,11835.075
2021-04-02 12:00:00,174.897,181.75,171.402,179.795,15430.964
2021-04-03 00:00:00,179.795,184.634,177.518,181.201,9861.167
2021-04-03 12:00:00,181.273,182.917,166.693,166.955,19497.163
2021-04-04 00:00:00,166.691,173.546,164.545,171.006,7485.573
2021-04-04 12:00:00,171.138,174.638,169.656,172.28,7186.707
2021-04-05 00:00:00,172.405,176.861,169.244,173.5,11073.691
2021-04-05 12:00:00,173.704,190.721,173.508,187.264,27328.871
2021-04-06 00:00:00,187.29,198.001,184.456,197.72,20438.632
2021-04-06 12:00:00,197.886,207.374,180.413,200.172,44222.408
2021-04-07 00:00:00,200.25,205.374,178.105,184.453,33299.855
2021-04-07 12:00:00,184.084,190.505,178.965,185.446,27386.416
2021-04-08 00:00:00,185.452,192.179,183.092,184.605,18211.783
2021-04-08 12:00:00,184.476,191.785,183.985,190.206,13819.643
2021-04-09 00:00:00,190.042,192.517,187.284,191.148,12056.89
2021-04-09 12:00:00,191.429,192.01,184.411,186.211,10979.103
2021-04-10 00:00:00,186.358,195.997,184.675,193.87,15986.307
2021-04-10 12:00:00,193.979,215.46,190.24,215.057,30172.902
2021-04-11 00:00:00,215.459,220.331,207.5,216.225,24920.169
2021-04-11 12:00:00,216.787,217.017,205.622,211.856,19925.124
2021-04-12 00:00:00,211.961,217.999,205.83,209.474,20486.065
2021-04-12 12:00:00,209.632,213.844,201.985,205.122,15123.766
2021-04-13 00:00:00,205.344,227.0,204.85,226.619,23556.689
2021-04-13 12:00:00,226.681,229.354,218.781,223.731,23655.348
2021-04-14 00:00:00,223.9,240.799,219.162,228.852,27406.582
2021-04-14 12:00:00,228.971,235.525,215.0,233.028,27708.08
2021-04-15 00:00:00,233.179,236.272,222.886,226.363,18678.959
2021-04-15 12:00:00,226.388,243.505,226.0,239.294,22189.172
2021-04-16 00:00:00,239.162,249.184,224.0,232.705,29566.133
2021-04-16 12:00:00,232.765,266.0,222.0,258.173,36471.178
2021-04-17 00:00:00,258.284,281.201,255.618,260.003,29231.94
2021-04-17 12:00:00,260.198,276.478,250.201,253.356,28916.656
2021-04-18 00:00:00,253.975,256.959,208.503,209.79,37550.151
2021-04-18 12:00:00,209.788,234.735,209.512,229.947,25196.455
2021-04-19 00:00:00,230.379,237.137,217.818,227.311,24696.758
2021-04-19 12:00:00,227.227,230.043,209.322,217.73,24611.436
2021-04-20 00:00:00,217.981,220.091,194.986,214.612,27718.38
2021-04-20 12:00:00,214.678,227.537,205.344,217.352,35480.883
2021-04-21 00:00:00,217.262,224.756,209.346,212.023,27396.08
2021-04-21 12:00:00,212.046,230.5,210.617,214.441,36828.709
2021-04-22 00:00:00,214.733,237.206,209.0,231.616,45200.736
2021-04-22 12:00:00,231.825,241.265,198.791,210.544,57131.275
2021-04-23 00:00:00,210.563,214.0,172.435,198.9,49682.366
2021-04-23 12:00:00,199.204,201.3,187.68,200.216,22840.919
2021-04-24 00:00:00,200.38,200.38,183.672,186.884,13356.692
2021-04-24 12:00:00,186.389,193.338,185.247,187.427,12828.943
2021-04-25 00:00:00,187.431,192.179,185.0,188.82,9561.2439
2021-04-25 12:00:00,189.35,196.65,175.45,185.61,26006.9299
2021-04-26 00:00:00,185.81,203.9,183.55,202.74,14643.3317
2021-04-26 12:00:00,202.73,205.64,196.79,205.39,12242.9153
2021-04-27 00:00:00,204.88,214.61,202.06,213.1,7947.4833
2021-04-27 12:00:00,213.44,218.396,206.05,215.6,12852.0083
2021-04-28 00:00:00,215.59,220.944,205.85,212.48,10235.3312
2021-04-28 12:00:00,212.45,214.76,207.42,213.47,8750.0001
2021-04-29 00:00:00,213.9,214.32,206.9,213.54,6271.5308
2021-04-29 12:00:00,213.39,216.9,205.35,211.06,10615.7769
2021-04-30 00:00:00,211.03,221.3,208.95,216.29,10436.9535
2021-04-30 12:00:00,216.54,227.49,215.81,225.68,10104.6891
2021-05-01 00:00:00,225.68,228.13,220.57,226.44,7952.9925
2021-05-01 12:00:00,226.44,231.64,222.09,229.99,7176.4184
2021-05-02 00:00:00,229.99,230.54,220.84,227.06,6879.8808
2021-05-02 12:00:00,226.62,227.27,222.51,224.12,5715.4793
2021-05-03 00:00:00,223.88,234.99,223.67,233.1,8897.957
2021-05-03 12:00:00,233.19,248.87,223.94,244.68,20386.0605
2021-05-04 00:00:00,244.88,270.46,225.25,264.46,32884.0823
2021-05-04 12:00:00,264.82,273.05,243.89,254.77,44975.2418
2021-05-05 00:00:00,254.51,290.62,251.17,281.61,40236.8065
2021-05-05 12:00:00,281.64,300.0,280.12,296.6,32395.3697
2021-05-06 00:00:00,296.51,302.86,271.48,288.67,28170.0083
2021-05-06 12:00:00,288.67,298.36,265.2,294.23,37379.2024
2021-05-07 00:00:00,294.76,309.92,282.59,296.48,32465.3166
2021-05-07 12:00:00,297.08,300.35,275.13,284.51,20755.2433
2021-05-08 00:00:00,284.38,294.33,280.88,282.9,13769.5188
2021-05-08 12:00:00,282.9,290.98,276.04,286.25,17802.7184
2021-05-09 00:00:00,286.36,304.1,273.26,295.42,24067.0278
2021-05-09 12:00:00,295.79,320.59,284.0,319.4,28552.9316
2021-05-10 00:00:00,319.73,340.85,310.97,322.21,34649.0459
2021-05-10 12:00:00,321.89,331.81,275.0,297.85,47261.6479
2021-05-11 00:00:00,297.09,304.25,285.5,291.42,20375.891
2021-05-11 12:00:00,292.0,313.68,286.83,311.64,18808.7281
2021-05-12 00:00:00,312.31,325.25,305.76,311.45,18695.5608
2021-05-12 12:00:00,310.94,312.08,250.74,257.6,35735.0215
2021-05-13 00:00:00,258.65,283.34,250.0,262.27,38483.6522
2021-05-13 12:00:00,262.63,271.39,242.48,263.67,27687.2783
2021-05-14 00:00:00,264.08,275.83,256.17,272.27,27384.5173
2021-05-14 12:00:00,272.53,280.79,262.61,269.27,17779.2067
2021-05-15 00:00:00,269.19,273.93,251.01,259.98,11061.4543
2021-05-15 12:00:00,259.96,262.84,245.05,247.96,17010.701
2021-05-16 00:00:00,248.33,267.34,246.62,262.07,9411.0115
2021-05-16 12:00:00,262.2,263.09,227.39,244.84,26407.9921
2021-05-17 00:00:00,244.01,248.0,217.79,239.05,24939.7931
2021-05-17 12:00:00,238.66,242.26,213.03,232.12,24863.3584
2021-05-18 00:00:00,232.04,261.28,229.48,257.08,22377.2428
2021-05-18 12:00:00,257.14,257.98,236.0,241.42,28183.7203
2021-05-19 00:00:00,241.43,246.49,168.32,192.03,47121.4393
2021-05-19 12:00:00,192.02,198.39,119.21,154.08,102329.0305
2021-05-20 00:00:00,154.08,179.33,138.3,175.05,56482.4003
2021-05-20 12:00:00,174.69,198.0,163.22,174.0,44277.6898
2021-05-21 00:00:00,173.92,179.85,162.47,170.0,26922.4753
2021-05-21 12:00:00,169.73,172.0,129.61,148.14,48656.3416
2021-05-22 00:00:00,148.14,152.21,133.64,147.8,30171.2185
2021-05-22 12:00:00,147.8,151.99,139.21,139.79,18908.2699
2021-05-23 00:00:00,139.79,145.18,116.45,121.94,37246.0948
2021-05-23 12:00:00,122.03,123.63,97.25,117.73,52900.7503
2021-05-24 00:00:00,118.11,138.12,114.59,136.18,32695.1452
2021-05-24 12:00:00,136.2,152.23,132.55,152.23,34085.7356
2021-05-25 00:00:00,152.23,159.87,136.83,138.62,26246.3857
2021-05-25 12:00:00,138.92,150.52,137.83,150.52,24681.947
2021-05-26 00:00:00,150.54,167.2,146.77,163.59,21439.011
2021-05-26 12:00:00,163.53,166.64,155.27,163.67,20509.025
2021-05-27 00:00:00,163.67,166.95,148.73,163.41,15438.3811
2021-05-27 12:00:00,163.41,171.45,156.88,159.45,22110.7789
2021-05-28 00:00:00,159.06,163.05,136.11,138.0,24188.452
2021-05-28 12:00:00,137.71,151.31,136.68,145.91,21418.4252
2021-05-29 00:00:00,145.95,155.17,139.41,143.06,17088.7741
2021-05-29 12:00:00,143.05,143.05,130.0,134.64,18876.4024
2021-05-30 00:00:00,135.17,148.48,128.0,148.42,14656.2449
2021-05-30 12:00:00,148.13,149.12,139.93,140.36,14032.2191
2021-05-31 00:00:00,140.22,152.68,134.66,149.22,18251.0918
2021-05-31 12:00:00,149.49,154.26,145.85,153.75,13294.6713
2021-06-01 00:00:00,153.63,158.4,144.89,149.05,18978.5421
2021-06-01 12:00:00,149.01,151.57,144.13,149.89,12673.1621
2021-06-02 00:00:00,149.89,153.41,146.0,149.68,14019.3821
2021-06-02 12:00:00,149.76,156.99,149.76,153.61,16205.7574
2021-06-03 00:00:00,153.19,162.6,149.25,158.14,17938.9466
2021-06-03 12:00:00,158.16,160.37,154.83,159.62,26961.3528
2021-06-04 00:00:00,159.88,160.0,140.99,143.8,17188.1299
2021-06-04 12:00:00,143.15,149.48,139.85,146.94,18587.0502
2021-06-05 00:00:00,147.5,153.05,142.5,143.61,16535.4436
2021-06-05 12:00:00,143.0,144.65,138.14,142.91,15036.6714
2021-06-06 00:00:00,142.96,148.47,142.19,145.66,11721.9403
2021-06-06 12:00:00,145.56,147.39,142.43,145.37,10458.3362
2021-06-07 00:00:00,145.47,150.09,144.28,148.64,10833.6634
2021-06-07 12:00:00,148.65,149.99,131.94,133.12,17348.7369
2021-06-08 00:00:00,132.83,135.38,125.0,130.83,16780.7211
2021-06-08 12:00:00,131.14,134.0,119.1,132.37,22982.3462
2021-06-09 00:00:00,132.15,133.73,125.38,133.29,11232.8442
2021-06-09 12:00:00,133.3,142.37,130.78,141.81,16231.4097
2021-06-10 00:00:00,141.93,143.66,136.2,140.36,11865.5886
2021-06-10 12:00:00,140.52,140.81,133.34,138.23,14448.8766
2021-06-11 00:00:00,138.58,142.66,135.35,141.07,11584.7455
2021-06-11 12:00:00,140.93,141.79,132.8,134.75,12408.571
2021-06-12 00:00:00,134.75,134.84,127.77,132.24,11740.6895
2021-06-12 12:00:00,132.27,136.01,132.09,133.91,7443.5517
2021-06-13 00:00:00,134.09,135.3,129.66,133.4,7186.416
2021-06-13 12:00:00,133.5,141.58,131.6,140.99,12334.4087
2021-06-14 00:00:00,140.99,142.37,137.48,137.99,7713.2394
2021-06-14 12:00:00,137.87,148.71,137.51,148.59,14119.9999
2021-06-15 00:00:00,148.34,149.67,144.87,145.92,8543.2508
2021-06-15 12:00:00,145.8,147.0,142.1,144.88,10602.2108
2021-06-16 00:00:00,144.55,146.26,139.52,140.12,9822.2033
2021-06-16 12:00:00,140.08,141.4,135.93,138.87,13050.7938
2021-06-17 00:00:00,138.93,145.13,138.25,143.31,4896.2724
2021-06-17 12:00:00,143.31,143.37,136.79,140.51,12763.4786
2021-06-18 00:00:00,140.51,140.65,135.59,138.81,9654.4854
2021-06-18 12:00:00,138.81,138.88,127.0,132.03,17092.466
2021-06-19 00:00:00,131.99,134.75,129.56,134.36,9504.3121
2021-06-19 12:00:00,134.21,135.92,128.85,129.27,10236.3403
2021-06-20 00:00:00,129.18,130.88,122.85,123.29,8373.4245
2021-06-20 12:00:00,123.39,131.9,121.76,130.55,10005.7221
2021-06-21 00:00:00,130.49,130.91,107.47,112.63,16721.3756
2021-06-21 12:00:00,112.4,115.75,104.16,104.57,14991.2944
2021-06-22 00:00:00,104.67,111.64,95.95,96.08,22299.1621
2021-06-22 12:00:00,96.4,103.29,88.22,100.16,33828.8835
2021-06-23 00:00:00,100.11,110.68,96.88,107.79,13255.9639
2021-06-23 12:00:00,107.71,111.98,103.8,108.28,13640.4419
2021-06-24 00:00:00,108.39,113.06,103.9,112.94,9269.9921
2021-06-24 12:00:00,113.01,115.19,111.02,112.8,15699.8443
2021-06-25 00:00:00,112.9,115.93,107.8,108.39,12121.7596
2021-06-25 12:00:00,108.36,110.4,104.38,105.05,17076.9876
2021-06-26 00:00:00,105.0,108.78,99.92,104.67,15431.2163
2021-06-26 12:00:00,104.4,106.6,100.51,106.6,8483.4085
2021-06-27 00:00:00,106.58,109.11,105.69,106.83,15329.5627
2021-06-27 12:00:00,106.98,111.16,104.61,111.08,13972.528
2021-06-28 00:00:00,111.16,113.18,109.05,109.69,11563.0569
2021-06-28 12:00:00,109.69,117.08,109.12,115.47,14558.7272
2021-06-29 00:00:00,115.44,122.72,115.19,122.27,13711.9542
2021-06-29 12:00:00,122.0,125.59,120.47,121.13,20793.1604
2021-06-30 00:00:00,121.16,123.37,116.75,119.13,14882.1725
2021-06-30 12:00:00,119.07,121.97,114.85,121.62,19990.4713
2021-07-01 00:00:00,121.6,121.6,113.53,115.6,12600.757
2021-07-01 12:00:00,115.59,116.96,113.35,116.15,18344.9846
2021-07-02 00:00:00,115.86,117.38,110.26,111.59,8708.5141
2021-07-02 12:00:00,111.59,115.46,111.01,115.36,15102.4643
2021-07-03 00:00:00,115.45,118.67,113.47,117.61,10126.9327
2021-07-03 12:00:00,117.45,119.29,116.04,118.13,10426.2934
2021-07-04 00:00:00,118.13,121.98,115.22,120.76,8395.4115
2021-07-04 12:00:00,120.77,124.75,120.08,122.12,10033.8
2021-07-05 00:00:00,121.87,122.16,112.91,113.99,16118.9219
2021-07-05 12:00:00,113.78,118.29,113.78,116.23,13195.828
2021-07-06 00:00:00,116.17,120.5,114.64,115.86,12265.6974
2021-07-06 12:00:00,115.78,117.84,114.9,117.56,12454.2522
2021-07-07 00:00:00,117.54,120.55,115.87,120.02,7829.7877
2021-07-07 12:00:00,120.2,120.94,116.3,116.71,11369.0363
2021-07-08 00:00:00,116.59,117.03,108.18,110.65,12006.0248
2021-07-08 12:00:00,110.52,112.59,108.73,111.74,16303.4525
2021-07-09 00:00:00,111.6,112.22,106.56,108.73,7310.4105
2021-07-09 12:00:00,108.87,114.47,107.92,113.44,11908.2444
2021-07-10 00:00:00,113.49,115.29,110.9,111.95,10224.9887
2021-07-10 12:00:00,111.73,113.6,109.94,113.15,10936.648
2021-07-11 00:00:00,113.12,114.33,111.51,113.71,4464.5239
2021-07-11 12:00:00,113.77,115.0,112.27,113.02,9225.1525
2021-07-12 00:00:00,113.12,117.3,112.56,114.78,14026.6197
2021-07-12 12:00:00,114.65,117.83,111.46,112.75,13799.3159
2021-07-13 00:00:00,112.63,113.62,109.68,112.51,8254.9055
2021-07-13 12:00:00,112.19,114.58,109.84,112.48,12703.3228
2021-07-14 00:00:00,112.46,112.73,106.1,110.09,8828.6166
2021-07-14 12:00:00,110.13,113.47,109.27,112.57,10117.807
2021-07-15 00:00:00,112.54,114.29,106.6,107.09,10425.9778
2021-07-15 12:00:00,107.02,108.73,105.0,107.8,8734.2758
2021-07-16 00:00:00,107.83,109.53,103.03,103.19,6978.2865
2021-07-16 12:00:00,103.1,106.52,102.57,102.6,9050.0206
2021-07-17 00:00:00,102.69,105.22,100.83,101.8,8471.6045
2021-07-17 12:00:00,101.72,104.76,101.27,102.58,8007.426
2021-07-18 00:00:00,102.57,105.83,102.43,104.05,7647.7954
2021-07-18 12:00:00,103.91,104.46,99.7,101.93,11957.6623
2021-07-19 00:00:00,102.09,103.42,99.07,99.23,13556.1087
2021-07-19 12:00:00,99.1,99.38,95.54,97.0,15573.2346
2021-07-20 00:00:00,97.0,98.64,88.32,91.55,20181.897
2021-07-20 12:00:00,91.72,94.6,90.59,92.4,13660.9708
2021-07-21 00:00:00,92.43,98.94,90.56,98.87,7271.339
2021-07-21 12:00:00,98.85,102.36,98.3,100.8,14076.8917
2021-07-22 00:00:00,101.05,102.24,99.42,100.64,10473.806
2021-07-22 12:00:00,100.59,104.37,99.24,103.62,11202.8806
2021-07-23 00:00:00,103.62,106.0,102.2,102.65,12131.8671
2021-07-23 12:00:00,102.52,107.03,100.7,106.5,9287.3444
2021-07-24 00:00:00,106.5,109.4,106.18,107.99,6990.6514
2021-07-24 12:00:00,107.95,109.62,105.79,108.11,7541.6838
2021-07-25 00:00:00,108.16,109.93,106.0,107.88,5115.394
2021-07-25 12:00:00,107.88,109.3,106.33,109.28,6293.9007
2021-07-26 00:00:00,109.32,119.34,108.63,117.58,16715.7158
2021-07-26 12:00:00,117.68,119.48,110.69,111.78,13380.4742
2021-07-27 00:00:00,111.53,113.57,108.5,113.57,7765.2549
2021-07-27 12:00:00,113.49,115.42,112.4,115.0,12044.6871
2021-07-28 00:00:00,115.11,119.14,113.0,118.74,8005.9106
2021-07-28 12:00:00,118.81,121.09,115.0,119.71,8812.4988
2021-07-29 00:00:00,119.75,120.13,116.81,117.35,5426.5966
2021-07-29 12:00:00,117.0,121.5,116.78,120.05,5438.187
2021-07-30 00:00:00,120.33,121.91,115.52,116.14,6214.9987
2021-07-30 12:00:00,115.9,123.38,115.85,123.24,8715.1481
2021-07-31 00:00:00,123.26,123.72,120.56,121.82,5646.8629
2021-07-31 12:00:00,121.79,123.99,120.74,122.74,4987.6697
2021-08-01 00:00:00,122.85,127.11,121.69,125.48,5895.7114
2021-08-01 12:00:00,125.25,125.86,118.03,119.91,9684.5614
2021-08-02 00:00:00,119.8,124.29,118.52,122.86,7085.3361
2021-08-02 12:00:00,122.97,123.44,118.94,120.57,6524.5917
2021-08-03 00:00:00,120.37,121.97,116.17,117.1,5496.4271
2021-08-03 12:00:00,117.24,119.49,115.62,117.61,4914.714
2021-08-04 00:00:00,117.89,118.79,115.68,117.56,3774.357
2021-08-04 12:00:00,117.56,123.32,117.56,121.79,8514.1688
2021-08-05 00:00:00,121.5,122.44,117.01,118.26,5552.0852
2021-08-05 12:00:00,118.14,123.86,116.85,122.55,8648.389
2021-08-06 00:00:00,122.62,126.25,121.14,123.62,8116.5926
2021-08-06 12:00:00,123.62,129.68,123.04,126.82,11324.5041
2021-08-07 00:00:00,126.99,134.48,126.38,133.74,9824.3149
2021-08-07 12:00:00,133.6,134.94,128.67,134.36,10580.668
2021-08-08 00:00:00,134.45,135.73,130.38,132.51,9489.6353
2021-08-08 12:00:00,132.16,134.25,126.82,129.47,8936.0701
2021-08-09 00:00:00,129.61,134.13,125.34,134.05,6483.1536
2021-08-09 12:00:00,134.17,147.5,132.17,143.58,24629.7286
2021-08-10 00:00:00,143.15,144.54,138.8,141.24,9506.815
2021-08-10 12:00:00,141.21,145.5,137.5,143.02,11504.5029
2021-08-11 00:00:00,143.0,151.55,141.99,147.12,10001.2973
2021-08-11 12:00:00,147.23,152.5,146.3,148.76,10894.3515
2021-08-12 00:00:00,147.97,155.72,144.22,145.92,10179.2132
2021-08-12 12:00:00,145.92,146.82,138.94,143.36,13553.5457
2021-08-13 00:00:00,143.35,158.15,142.25,155.35,14911.2221
2021-08-13 12:00:00,155.17,158.07,148.61,156.97,15550.3635
2021-08-14 00:00:00,156.83,158.9,150.61,154.0,12547.9184
2021-08-14 12:00:00,154.0,157.44,152.24,156.87,7439.8895
2021-08-15 00:00:00,156.77,159.79,151.43,154.73,8388.1098
2021-08-15 12:00:00,154.49,159.35,151.24,158.25,20133.7331
2021-08-16 00:00:00,158.52,161.99,156.31,160.82,9155.636
2021-08-16 12:00:00,160.85,161.03,152.34,153.56,10933.7229
2021-08-17 00:00:00,153.55,158.23,149.71,157.22,6126.5122
2021-08-17 12:00:00,157.8,158.16,145.38,146.1,12850.9606
2021-08-18 00:00:00,146.0,148.59,141.32,143.53,10040.5006
2021-08-18 12:00:00,143.7,151.0,142.52,144.31,7125.9436
2021-08-19 00:00:00,144.84,146.69,141.57,141.66,6010.3777
2021-08-19 12:00:00,141.84,150.96,141.07,150.89,8754.3808
2021-08-20 00:00:00,150.75,152.94,149.37,150.93,5261.9973
2021-08-20 12:00:00,150.99,157.39,150.99,157.02,9641.7119
2021-08-21 00:00:00,157.02,158.52,152.83,154.5,6436.9878
2021-08-21 12:00:00,154.5,157.19,151.86,154.81,5987.6968
2021-08-22 00:00:00,154.97,163.1,154.51,161.67,7974.7979
2021-08-22 12:00:00,161.83,162.0,154.56,160.22,6917.4329
2021-08-23 00:00:00,160.2,163.88,158.86,163.0,5991.9587
2021-08-23 12:00:00,163.11,163.78,158.05,160.7,8689.1807
2021-08-24 00:00:00,160.49,161.9,157.27,159.97,4475.9094
2021-08-24 12:00:00,160.14,160.14,147.79,149.7,9835.318
2021-08-25 00:00:00,149.67,154.06,146.22,149.16,6420.8498
2021-08-25 12:00:00,149.17,154.27,148.22,153.14,4545.738
2021-08-26 00:00:00,153.06,155.14,145.0,146.5,6456.9213
2021-08-26 12:00:00,146.3,149.0,142.6,144.6,8149.5295
2021-08-27 00:00:00,144.8,147.8,142.4,147.0,4088.234
2021-08-27 12:00:00,147.0,150.7,145.0,150.2,5626.2684
2021-08-28 00:00:00,150.7,151.4,147.0,147.7,2884.32
2021-08-28 12:00:00,147.6,150.1,146.5,149.8,4379.133
2021-08-29 00:00:00,150.1,155.9,149.5,150.6,7063.1159
2021-08-29 12:00:00,150.7,152.3,148.5,149.5,5345.468
2021-08-30 00:00:00,149.5,150.2,146.8,148.1,3782.688
2021-08-30 12:00:00,147.8,150.6,143.0,143.7,7923.148
2021-08-31 00:00:00,143.7,148.8,142.4,148.7,5392.604
2021-08-31 12:00:00,148.8,149.4,144.7,146.9,8233.542
2021-09-01 00:00:00,146.5,150.4,144.5,149.7,5680.381
2021-09-01 12:00:00,149.8,155.5,148.3,154.0,11163.392
2021-09-02 00:00:00,153.8,158.4,152.7,158.2,6987.3944
2021-09-02 12:00:00,157.9,159.0,152.5,155.1,8846.8067
2021-09-03 00:00:00,155.1,165.22,152.3,165.2,10278.9851
2021-09-03 12:00:00,165.22,184.0,163.5,180.6,26882.934
2021-09-04 00:00:00,180.7,191.0,176.7,184.4,13854.9355
2021-09-04 12:00:00,184.4,187.6,177.0,180.3,10514.445
2021-09-05 00:00:00,180.3,187.6,178.8,184.9,7626.288
2021-09-05 12:00:00,184.9,196.8,183.8,196.7,16995.7459
2021-09-06 00:00:00,196.7,196.7,188.8,188.9,7027.208
2021-09-06 12:00:00,189.1,190.0,182.8,186.2,10924.8
2021-09-07 00:00:00,186.4,188.3,172.3,176.2,13061.333
2021-09-07 12:00:00,176.0,178.0,140.4,153.3,24125.2882
2021-09-08 00:00:00,153.7,162.1,145.1,156.7,14928.219
2021-09-08 12:00:00,156.8,159.2,151.9,153.8,10272.639
2021-09-09 00:00:00,153.9,159.3,150.7,157.0,10674.307
2021-09-09 12:00:00,157.1,162.2,152.9,154.2,10808.644
2021-09-10 00:00:00,154.1,160.3,150.8,154.6,5331.219
2021-09-10 12:00:00,154.5,155.7,145.6,148.8,7318.987
2021-09-11 00:00:00,148.8,158.0,147.9,158.0,5935.595
2021-09-11 12:00:00,158.1,158.9,151.4,152.5,5049.817
2021-09-12 00:00:00,152.4,157.0,149.7,156.7,5252.101
2021-09-12 12:00:00,156.9,158.7,150.7,156.2,8058.455
2021-09-13 00:00:00,156.2,157.7,146.2,150.2,5911.355
2021-09-13 12:00:00,150.1,202.4,148.4,152.8,60762.7782
2021-09-14 00:00:00,153.2,156.2,150.1,152.7,7100.579
2021-09-14 12:00:00,152.6,161.1,150.8,156.2,9631.141
2021-09-15 00:00:00,155.9,156.3,153.3,155.1,6146.307
2021-09-15 12:00:00,154.9,163.2,154.0,160.8,10822.514
2021-09-16 00:00:00,160.8,166.2,158.8,162.8,8922.325
2021-09-16 12:00:00,162.5,164.3,154.8,157.9,8273.161
2021-09-17 00:00:00,157.9,162.2,153.0,153.6,6371.522
2021-09-17 12:00:00,153.5,155.8,151.3,153.7,6114.394
2021-09-18 00:00:00,153.8,158.7,152.1,155.7,5076.772
2021-09-18 12:00:00,155.9,158.5,153.0,155.0,6348.239
2021-09-19 00:00:00,154.9,155.2,150.5,151.1,4083.342
2021-09-19 12:00:00,150.8,152.7,147.8,150.3,5987.957
2021-09-20 00:00:00,150.3,150.3,132.2,135.5,11805.264
2021-09-20 12:00:00,135.2,140.0,131.8,135.0,11395.708
2021-09-21 00:00:00,134.7,139.5,129.0,137.5,8308.5
2021-09-21 12:00:00,137.6,139.2,124.1,127.3,10447.4514
2021-09-22 00:00:00,127.5,133.8,125.0,132.0,8539.393
2021-09-22 12:00:00,132.1,139.3,131.7,138.9,9829.357
2021-09-23 00:00:00,139.0,139.6,135.1,135.7,5459.786
2021-09-23 12:00:00,135.8,141.5,135.4,140.6,6740.725
2021-09-24 00:00:00,140.6,142.8,121.7,126.1,9121.0287
2021-09-24 12:00:00,125.9,133.2,123.0,130.8,9133.978
2021-09-25 00:00:00,130.9,133.9,128.0,130.3,9260.194
2021-09-25 12:00:00,130.0,131.7,127.8,129.6,6057.197
2021-09-26 00:00:00,129.7,131.1,122.2,129.5,7389.935
2021-09-26 12:00:00,129.8,131.7,127.6,129.4,15909.493
2021-09-27 00:00:00,129.1,132.9,128.2,131.2,5220.086
2021-09-27 12:00:00,131.0,131.5,124.4,124.6,6179.306
2021-09-28 00:00:00,124.4,127.3,123.8,126.9,6200.654
2021-09-28 12:00:00,127.1,128.0,120.8,121.2,8810.3331
2021-09-29 00:00:00,121.1,127.7,120.5,127.0,5193.339
2021-09-29 12:00:00,127.1,129.4,123.4,125.3,6865.518
2021-09-30 00:00:00,125.2,131.5,124.5,130.3,6145.826
2021-09-30 12:00:00,130.4,133.4,130.3,132.6,7393.805
2021-10-01 00:00:00,132.5,142.0,130.8,141.3,8282.266
2021-10-01 12:00:00,141.3,145.0,140.2,143.3,7825.148
2021-10-02 00:00:00,143.3,145.4,141.9,143.9,4159.6
2021-10-02 12:00:00,144.2,148.5,144.1,145.5,6680.519
2021-10-03 00:00:00,145.4,147.1,142.8,146.8,4209.439
2021-10-03 12:00:00,146.7,150.6,145.1,146.5,5312.572
2021-10-04 00:00:00,146.5,146.7,140.9,142.0,4897.039
2021-10-04 12:00:00,141.8,145.6,139.0,144.1,9730.027
2021-10-05 00:00:00,143.9,149.8,143.3,148.6,6266.784
2021-10-05 12:00:00,148.5,151.1,144.5,149.1,10938.178
2021-10-06 00:00:00,149.1,151.3,141.2,144.0,7298.0
2021-10-06 12:00:00,143.9,157.3,143.8,153.1,14740.7
2021-10-07 00:00:00,153.2,160.6,148.8,157.6,12447.614
2021-10-07 12:00:00,157.5,157.7,151.5,153.0,10443.284
2021-10-08 00:00:00,153.1,156.8,150.2,156.0,7346.411
2021-10-08 12:00:00,156.0,157.2,149.8,151.0,8905.203
2021-10-09 00:00:00,151.1,155.6,149.9,154.2,6073.05
2021-10-09 12:00:00,154.4,157.3,154.0,154.7,5805.131
2021-10-10 00:00:00,154.8,158.4,151.6,155.6,6905.564
2021-10-10 12:00:00,155.7,156.6,150.6,151.3,6560.877
2021-10-11 00:00:00,151.2,160.3,149.2,155.5,8550.165
2021-10-11 12:00:00,155.6,158.9,151.5,155.4,6578.547
2021-10-12 00:00:00,155.4,155.4,144.6,147.9,9735.548
2021-10-12 12:00:00,148.1,150.6,145.3,150.1,8905.412
2021-10-13 00:00:00,150.1,151.8,145.6,150.3,6966.121
2021-10-13 12:00:00,150.3,155.4,148.2,153.1,11352.862
2021-10-14 00:00:00,153.4,156.9,152.6,156.2,7045.263
2021-10-14 12:00:00,156.4,160.8,153.6,156.2,11392.952
2021-10-15 00:00:00,156.2,159.9,152.3,155.1,7137.132
2021-10-15 12:00:00,155.1,165.9,154.2,163.1,14106.856
2021-10-16 00:00:00,163.3,165.6,161.3,164.3,6311.947
2021-10-16 12:00:00,164.2,164.6,159.2,159.8,6941.492
2021-10-17 00:00:00,160.1,161.7,158.0,159.3,4375.269
2021-10-17 12:00:00,159.4,160.3,152.1,158.3,6046.959
2021-10-18 00:00:00,158.4,161.8,155.3,156.0,5964.693
2021-10-18 12:00:00,155.9,161.6,154.2,160.2,9263.773
2021-10-19 00:00:00,160.2,164.9,159.4,161.6,5587.831
2021-10-19 12:00:00,161.5,163.1,157.5,162.3,7790.734
2021-10-20 00:00:00,162.4,164.1,159.7,163.0,4622.767
2021-10-20 12:00:00,163.1,181.3,163.1,176.9,20890.087
2021-10-21 00:00:00,176.7,183.0,174.1,175.7,12640.112
2021-10-21 12:00:00,175.5,177.9,167.0,169.2,11943.528
2021-10-22 00:00:00,169.2,173.2,169.2,171.1,7710.981
2021-10-22 12:00:00,171.0,171.7,162.0,164.5,8052.967
2021-10-23 00:00:00,164.6,167.8,163.0,167.3,4787.625
2021-10-23 12:00:00,167.2,170.4,167.0,169.0,6016.957
2021-10-24 00:00:00,169.2,172.2,166.2,166.6,5337.58
2021-10-24 12:00:00,166.4,167.1,159.6,164.2,8692.947
2021-10-25 00:00:00,164.1,169.4,163.5,168.9,6375.596
2021-10-25 12:00:00,168.9,170.1,167.2,168.4,6728.523
2021-10-26 00:00:00,168.6,170.3,167.8,168.3,4895.956
2021-10-26 12:00:00,168.1,172.6,164.2,170.9,11989.196
2021-10-27 00:00:00,170.9,177.3,147.8,160.3,16419.802
2021-10-27 12:00:00,159.3,163.0,154.7,155.2,15196.025
2021-10-28 00:00:00,155.2,164.4,153.9,162.0,8931.705
2021-10-28 12:00:00,162.1,166.9,158.9,163.0,9819.719
2021-10-29 00:00:00,162.7,167.0,161.7,164.0,7529.317
2021-10-29 12:00:00,164.2,171.6,163.4,169.6,8375.914
2021-10-30 00:00:00,170.0,170.3,165.4,167.8,4604.086
2021-10-30 12:00:00,167.9,168.5,162.1,165.1,5984.82
2021-10-31 00:00:00,165.2,169.1,163.3,163.9,5549.608
2021-10-31 12:00:00,164.0,167.4,162.2,166.6,5878.696
2021-11-01 00:00:00,166.7,169.3,163.3,166.7,4694.346
2021-11-01 12:00:00,166.8,174.6,165.9,171.0,9435.602
2021-11-02 00:00:00,171.1,176.4,169.2,172.9,5956.587
2021-11-02 12:00:00,173.3,176.9,171.5,173.7,8285.466
2021-11-03 00:00:00,173.7,180.7,171.3,177.0,8342.359
2021-11-03 12:00:00,177.0,180.5,170.6,178.7,10678.462
2021-11-04 00:00:00,178.5,178.7,173.2,174.4,6206.133
2021-11-04 12:00:00,174.4,177.3,169.9,175.7,9673.966
2021-11-05 00:00:00,175.6,176.4,172.9,173.4,5652.293
2021-11-05 12:00:00,173.0,175.3,171.2,173.3,7347.292
2021-11-06 00:00:00,173.1,174.9,166.6,168.8,5015.635
2021-11-06 12:00:00,168.5,172.2,166.9,171.8,5264.869
2021-11-07 00:00:00,171.8,174.0,171.2,173.0,3937.867
2021-11-07 12:00:00,173.1,175.9,172.6,175.8,5434.516
2021-11-08 00:00:00,175.8,182.9,175.8,182.1,8315.236
2021-11-08 12:00:00,182.1,198.3,180.9,197.6,22290.709
2021-11-09 00:00:00,197.7,221.3,195.7,214.4,28586.1086
2021-11-09 12:00:00,214.4,237.2,213.1,226.8,35170.5888
2021-11-10 00:00:00,226.8,252.4,220.4,249.8,25432.1256
2021-11-10 12:00:00,249.6,256.8,219.8,227.8,47762.5854
2021-11-11 00:00:00,227.5,241.6,218.7,234.4,17421.856
2021-11-11 12:00:00,234.2,237.0,226.3,230.4,11271.012
2021-11-12 00:00:00,230.5,247.9,225.0,227.3,18915.427
2021-11-12 12:00:00,227.1,233.9,213.9,220.7,15764.424
2021-11-13 00:00:00,220.5,224.1,215.3,217.4,7210.54
2021-11-13 12:00:00,217.4,232.1,215.1,226.6,11682.746
2021-11-14 00:00:00,226.3,230.8,218.5,222.9,5616.906
2021-11-14 12:00:00,222.6,245.7,221.1,245.5,16642.169
2021-11-15 00:00:00,245.5,246.3,235.4,239.5,7418.795
2021-11-15 12:00:00,239.5,240.4,228.6,231.8,11436.486
2021-11-16 00:00:00,231.8,232.0,197.0,209.1,19373.822
2021-11-16 12:00:00,209.1,213.5,199.4,204.1,11774.307
2021-11-17 00:00:00,204.0,208.5,193.3,207.2,13086.018
2021-11-17 12:00:00,207.1,207.4,198.7,203.7,9955.187
2021-11-18 00:00:00,203.5,205.8,188.7,192.2,9945.456
2021-11-18 12:00:00,192.5,195.6,176.0,179.8,16040.431
2021-11-19 00:00:00,180.5,190.0,175.9,185.8,10031.643
2021-11-19 12:00:00,185.8,195.8,185.3,193.4,9611.899
2021-11-20 00:00:00,193.6,199.8,192.8,199.3,4824.697
2021-11-20 12:00:00,199.4,202.6,189.3,201.7,8824.693
2021-11-21 00:00:00,201.6,202.3,195.4,197.8,5082.019
2021-11-21 12:00:00,197.7,205.3,195.9,196.5,7671.288
2021-11-22 00:00:00,196.5,196.9,186.9,190.3,7977.842
2021-11-22 12:00:00,190.4,194.9,183.0,186.3,9783.172
2021-11-23 00:00:00,186.1,189.7,182.3,184.8,5282.781
2021-11-23 12:00:00,185.0,194.5,184.4,192.3,7024.75
2021-11-24 00:00:00,192.6,193.4,186.3,188.2,5833.771
2021-11-24 12:00:00,188.2,190.2,184.1,189.7,6538.567
2021-11-25 00:00:00,189.9,200.1,188.5,198.7,6782.561
2021-11-25 12:00:00,198.7,204.6,197.0,198.8,7919.515
2021-11-26 00:00:00,199.0,200.7,169.0,169.3,12734.268
2021-11-26 12:00:00,169.3,177.4,168.7,173.4,6705.381
2021-11-27 00:00:00,173.8,178.1,172.9,174.5,4302.243
2021-11-27 12:00:00,174.5,175.7,169.5,173.4,4999.677
2021-11-28 00:00:00,173.3,173.5,163.3,168.7,4557.425
2021-11-28 12:00:00,168.8,177.4,161.6,177.2,6370.685
2021-11-29 00:00:00,177.1,180.0,173.3,174.3,5781.465
2021-11-29 12:00:00,174.4,186.1,174.3,182.2,8447.246
2021-11-30 00:00:00,182.1,186.8,174.7,183.7,7722.847
2021-11-30 12:00:00,184.0,193.0,182.3,183.5,9218.554
2021-12-01 00:00:00,183.3,191.2,182.4,187.7,4020.351
2021-12-01 12:00:00,187.5,191.8,181.6,184.7,7627.923
2021-12-02 00:00:00,184.6,185.7,176.9,180.3,4759.221
2021-12-02 12:00:00,180.2,183.6,178.4,180.2,9550.559
2021-12-03 00:00:00,180.3,183.9,176.0,182.8,5442.63
2021-12-03 12:00:00,182.9,184.2,159.6,166.6,9893.893
2021-12-04 00:00:00,166.7,167.7,118.14,133.5,22734.257
2021-12-04 12:00:00,133.7,148.8,133.7,145.5,12232.319
2021-12-05 00:00:00,145.3,147.5,139.1,140.3,9017.769
2021-12-05 12:00:00,140.5,142.3,132.0,138.6,9673.118
2021-12-06 00:00:00,138.6,138.6,125.2,131.4,9166.162
2021-12-06 12:00:00,131.6,145.9,129.2,143.1,10896.558
2021-12-07 00:00:00,143.2,147.2,140.4,146.6,7289.766
2021-12-07 12:00:00,146.6,147.3,141.3,143.8,7385.103
2021-12-08 00:00:00,143.9,150.9,138.4,141.2,16877.598
2021-12-08 12:00:00,141.1,150.2,139.1,145.7,9511.89
2021-12-09 00:00:00,145.9,147.4,139.4,141.3,6296.607
2021-12-09 12:00:00,141.0,142.0,134.1,134.1,7498.289
2021-12-10 00:00:00,134.4,138.2,132.2,138.1,7848.2
2021-12-10 12:00:00,137.9,141.6,130.6,131.5,8854.243
2021-12-11 00:00:00,131.5,138.4,129.2,137.2,6558.734
2021-12-11 12:00:00,137.4,141.3,136.9,139.9,6344.262
2021-12-12 00:00:00,140.1,140.8,135.9,138.2,3379.952
2021-12-12 12:00:00,138.3,144.1,138.0,140.9,5991.649
2021-12-13 00:00:00,140.7,141.4,135.3,138.1,5369.488
2021-12-13 12:00:00,137.8,138.7,126.5,128.3,9204.198
2021-12-14 00:00:00,128.4,133.7,126.9,133.3,5684.977
2021-12-14 12:00:00,133.5,134.8,129.3,133.7,6645.058
2021-12-15 00:00:00,133.7,135.4,132.1,132.9,4994.974
2021-12-15 12:00:00,132.8,137.3,125.7,135.9,9468.542
2021-12-16 00:00:00,136.0,138.7,134.6,138.4,4977.106
2021-12-16 12:00:00,138.4,138.4,131.2,131.5,7423.529
2021-12-17 00:00:00,131.5,132.6,128.7,129.9,5423.729
2021-12-17 12:00:00,130.0,132.4,125.2,128.2,7057.472
2021-12-18 00:00:00,128.4,133.7,127.2,132.9,4795.842
2021-12-18 12:00:00,132.9,133.5,131.4,132.3,5045.817
2021-12-19 00:00:00,132.4,138.9,131.5,135.7,5190.939
2021-12-19 12:00:00,135.7,143.2,135.0,136.2,11613.326
2021-12-20 00:00:00,136.2,139.9,130.0,131.0,5973.676
2021-12-20 12:00:00,131.1,137.5,129.1,135.4,7338.213
2021-12-21 00:00:00,135.5,137.6,132.3,136.4,5357.484
2021-12-21 12:00:00,136.2,138.5,134.7,137.2,3861.396
2021-12-22 00:00:00,137.0,140.3,135.6,138.6,5761.724
2021-12-22 12:00:00,138.8,141.3,135.6,137.2,6494.568
2021-12-23 00:00:00,137.4,140.0,135.3,137.9,4527.08
2021-12-23 12:00:00,137.7,145.8,137.2,144.5,7239.98
2021-12-24 00:00:00,144.5,147.2,143.9,144.2,2769.687
2021-12-24 12:00:00,144.1,145.8,141.9,142.6,6241.107
2021-12-25 00:00:00,142.7,144.5,142.0,142.9,2812.998
2021-12-25 12:00:00,143.1,145.0,139.5,139.5,4517.656
2021-12-26 00:00:00,139.8,140.1,135.6,136.6,6562.204
2021-12-26 12:00:00,136.4,139.5,135.4,137.9,7038.006
2021-12-27 00:00:00,138.2,139.4,136.6,139.2,4285.322
2021-12-27 12:00:00,139.3,142.5,137.5,137.8,6759.903
2021-12-28 00:00:00,137.5,137.7,129.6,135.1,5772.491
2021-12-28 12:00:00,135.1,135.4,127.9,128.9,5273.987
2021-12-29 00:00:00,129.0,133.3,128.8,132.5,2238.896
2021-12-29 12:00:00,132.2,133.1,127.3,128.1,5285.03
2021-12-30 00:00:00,128.3,131.5,125.9,131.0,3136.67
2021-12-30 12:00:00,131.0,132.4,129.5,130.8,4180.899
2021-12-31 00:00:00,130.9,135.0,129.7,133.1,3124.375
2021-12-31 12:00:00,133.2,133.8,126.3,128.3,6601.656
2022-01-01 00:00:00,128.7,131.5,128.7,130.0,2257.541
